[
    {
      "_id": "1",
      "nombre": "Calculo de Stewart 1",
      "descripcion": "Libro de calculo para ingenierias",
      "tipo": "Libro de Texto",
      "clase": "Calculo 1",
      "precio": 19.99,
      "negociable": true,
      "url_imagen": "https://1.bp.blogspot.com/-6MTxuinGnq4/YAdpsbm-azI/AAAAAAAANp8/V939GxHEYYM1Nm9NByaGT-obPoO8WhJbACLcBGAsYHQ/s1022/calculo-de-una-variable-trascendentes-tempranas-7ma-edicion-james-stewart-freelibros.jpg",
      "id_vendedor": "1",
      "id_comprador": "2"
    },
    {
      "_id": "2",
      "nombre": "Calculo de Stewart 2",
      "descripcion": "Libro de calculo para ingenierias",
      "tipo": "Libro de Texto",
      "clase": "Calculo 1",
      "precio": 19.99,
      "negociable": false,
      "url_imagen": "https://1.bp.blogspot.com/-6MTxuinGnq4/YAdpsbm-azI/AAAAAAAANp8/V939GxHEYYM1Nm9NByaGT-obPoO8WhJbACLcBGAsYHQ/s1022/calculo-de-una-variable-trascendentes-tempranas-7ma-edicion-james-stewart-freelibros.jpg",
      "id_vendedor": "1",
      "id_comprador": "2"
    },
    {
      "_id": "3",
      "nombre": "Calculo de Stewart 3",
      "descripcion": "Libro de calculo para ingenierias",
      "tipo": "Libro de Texto",
      "clase": "Calculo 1",
      "precio": 19.99,
      "negociable": false,
      "url_imagen": "https://1.bp.blogspot.com/-6MTxuinGnq4/YAdpsbm-azI/AAAAAAAANp8/V939GxHEYYM1Nm9NByaGT-obPoO8WhJbACLcBGAsYHQ/s1022/calculo-de-una-variable-trascendentes-tempranas-7ma-edicion-james-stewart-freelibros.jpg",
      "id_vendedor": "1",
      "id_comprador": "2"
    },
    {
      "_id": "4",
      "nombre": "Calculo de Stewart 4",
      "descripcion": "Libro de calculo para ingenierias",
      "tipo": "Libro de Texto",
      "clase": "Calculo 1",
      "precio": 19.99,
      "negociable": true,
      "url_imagen": "https://1.bp.blogspot.com/-6MTxuinGnq4/YAdpsbm-azI/AAAAAAAANp8/V939GxHEYYM1Nm9NByaGT-obPoO8WhJbACLcBGAsYHQ/s1022/calculo-de-una-variable-trascendentes-tempranas-7ma-edicion-james-stewart-freelibros.jpg",
      "id_vendedor": "1",
      "id_comprador": "2"
    }
]